name_ar,governorate_ar,district,town,gender,birth_year,age,selection_method,category,status,source_url,member_number,management_position
اقبال محمد منصور,ادلب,حارم,دير حسان,M,1982,44,انتخابات,كفاءة,active,https://omrandirasat.org/maps/مخطط-تفاعلي-مجلس-الشعب-السوري-2026/,70,
حسام الدين عبدالرزاق دبيس,ادلب,إدلب المدينة,,M,1981,45,انتخابات,كفاءة,active,https://omrandirasat.org/maps/مخطط-تفاعلي-مجلس-الشعب-السوري-2026/,77,
حسن إبراهيم دغيم,ادلب,معرة النعمان,جرجناز,M,1976,49,تعيين,كفاءة,active,https://omrandirasat.org/maps/مخطط-تفاعلي-مجلس-الشعب-السوري-2026/,148,
خالد أحمد السلوم,ادلب,خان شيخون,حيش,M,1976,50,انتخابات,كفاءة,active,https://omrandirasat.org/maps/مخطط-تفاعلي-مجلس-الشعب-السوري-2026/,72,
طاهر عوض عبدالباقي,ادلب,أريحا,محمبل,M,1970,56,انتخابات,كفاءة,active,https://omrandirasat.org/maps/مخطط-تفاعلي-مجلس-الشعب-السوري-2026/,75,
عبدالحسيب خالد دغمش,ادلب,أريحا,كفرنجد,M,1986,40,انتخابات,كفاءة,active,https://omrandirasat.org/maps/مخطط-تفاعلي-مجلس-الشعب-السوري-2026/,76,
عبدالرزاق سعد عوض,ادلب,إدلب المدينة,زردنا,M,1988,38,انتخابات,كفاءة,active,https://omrandirasat.org/maps/مخطط-تفاعلي-مجلس-الشعب-السوري-2026/,79,
فاطمة عبد اللطيف اليوسف,ادلب,,,F,1991,34,تعيين,,active,https://omrandirasat.org/maps/مخطط-تفاعلي-مجلس-الشعب-السوري-2026/,176,
فرج راكان العقدة,ادلب,معرة النعمان,كفرومة,M,1982,44,انتخابات,أعيان,active,https://omrandirasat.org/maps/مخطط-تفاعلي-مجلس-الشعب-السوري-2026/,69,
مازن أحمد غزال,ادلب,ادلب,تفتناز,M,1970,56,انتخابات,كفاءة,active,https://omrandirasat.org/maps/مخطط-تفاعلي-مجلس-الشعب-السوري-2026/,78,
محمد فراس محمد بديع الجندي,ادلب,معرة النعمان,معرة النعمان,M,1958,68,انتخابات,أعيان,active,https://omrandirasat.org/maps/مخطط-تفاعلي-مجلس-الشعب-السوري-2026/,68,
محمد نايف بلعاس,ادلب,,,M,1981,44,تعيين,,active,https://omrandirasat.org/maps/مخطط-تفاعلي-مجلس-الشعب-السوري-2026/,190,
مرفت محمد صبحي توتو,ادلب,إدلب,,F,1981,44,تعيين,أعيان,active,https://omrandirasat.org/maps/مخطط-تفاعلي-مجلس-الشعب-السوري-2026/,193,
مصطفى عبدالوهاب موسى,ادلب,جسر الشغور,الحمامة,M,1977,49,انتخابات,كفاءة,active,https://omrandirasat.org/maps/مخطط-تفاعلي-مجلس-الشعب-السوري-2026/,73,نائب أول لرئيس المجلس
نجوى بهجت قصاص,ادلب,سرمين,,F,1975,50,تعيين,كفاءة,active,https://omrandirasat.org/maps/مخطط-تفاعلي-مجلس-الشعب-السوري-2026/,201,
وجدي طريف زيدو,ادلب,حارم,سلقين,M,1985,41,انتخابات,كفاءة,active,https://omrandirasat.org/maps/مخطط-تفاعلي-مجلس-الشعب-السوري-2026/,71,
أحمد عبدالله مراد,الحسكة,المالكية,,M,1977,49,انتخابات,كفاءة,active,https://omrandirasat.org/maps/مخطط-تفاعلي-مجلس-الشعب-السوري-2026/,134,
أحمد نواف الجربا,الحسكة,,,M,1963,62,تعيين,أعيان,active,https://omrandirasat.org/maps/مخطط-تفاعلي-مجلس-الشعب-السوري-2026/,140,
ابراهيم مصطفى العلي,الحسكة,الحسكة,,M,1986,40,انتخابات,كفاءة,active,https://omrandirasat.org/maps/مخطط-تفاعلي-مجلس-الشعب-السوري-2026/,127,
رضوان عثمان سيدو,الحسكة,القامشلي,,M,1973,53,انتخابات,,active,https://omrandirasat.org/maps/مخطط-تفاعلي-مجلس-الشعب-السوري-2026/,131,
عبد الحكيم حواس بشار,الحسكة,عامودا,,M,1958,67,تعيين,كفاءة,active,https://omrandirasat.org/maps/مخطط-تفاعلي-مجلس-الشعب-السوري-2026/,166,
عبد الحميد عكيل العواك,الحسكة,,,M,1966,59,تعيين,كفاءة,active,https://omrandirasat.org/maps/مخطط-تفاعلي-مجلس-الشعب-السوري-2026/,167,رئيس المجلس
عبدالحليم خضر العلي,الحسكة,القامشلي,,M,1987,39,انتخابات,,active,https://omrandirasat.org/maps/مخطط-تفاعلي-مجلس-الشعب-السوري-2026/,132,
عبدالله عبدالحميد العبدالله,الحسكة,رأس العين,المزيونة,M,1988,38,انتخابات,كفاءة,active,https://omrandirasat.org/maps/مخطط-تفاعلي-مجلس-الشعب-السوري-2026/,122,
علوان عايد العلي,الحسكة,المالكية,,M,1981,45,انتخابات,كفاءة,active,https://omrandirasat.org/maps/مخطط-تفاعلي-مجلس-الشعب-السوري-2026/,135,
عمر عيسى هايس,الحسكة,الحسكة,,M,1986,40,انتخابات,كفاءة,active,https://omrandirasat.org/maps/مخطط-تفاعلي-مجلس-الشعب-السوري-2026/,128,
فصلة خضر يوسف,الحسكة,الحسكة,,F,1970,56,انتخابات,أعيان,active,https://omrandirasat.org/maps/مخطط-تفاعلي-مجلس-الشعب-السوري-2026/,129,
كبريال موشي كورية,الحسكة,القامشلي,,M,1962,63,تعيين,,active,https://omrandirasat.org/maps/مخطط-تفاعلي-مجلس-الشعب-السوري-2026/,178,
كيم حسين ابراهيم,الحسكة,القامشلي,,M,1980,46,انتخابات,,active,https://omrandirasat.org/maps/مخطط-تفاعلي-مجلس-الشعب-السوري-2026/,130,
محمد سعيد عبد القادر الحسو,الحسكة,القامشلي,,M,1965,60,تعيين,أعيان,active,https://omrandirasat.org/maps/مخطط-تفاعلي-مجلس-الشعب-السوري-2026/,187,
محمود ماضي العلي,الحسكة,القامشلي,,M,1986,40,انتخابات,,active,https://omrandirasat.org/maps/مخطط-تفاعلي-مجلس-الشعب-السوري-2026/,133,
مصطفى عبد الرحمن عبدي,الحسكة,عامودا,,M,1960,65,تعيين,كفاءة,active,https://omrandirasat.org/maps/مخطط-تفاعلي-مجلس-الشعب-السوري-2026/,194,
ياسر سليمان منصور,الحسكة,القامشلي,,M,1969,56,تعيين,كفاءة,active,https://omrandirasat.org/maps/مخطط-تفاعلي-مجلس-الشعب-السوري-2026/,206,
أحمد قدور العفدل,الرقة,,,M,1975,50,تعيين,كفاءة,active,https://omrandirasat.org/maps/مخطط-تفاعلي-مجلس-الشعب-السوري-2026/,139,
أحمد محمد حسن العمر,الرقة,الرقة,,M,1984,42,انتخابات,,active,https://omrandirasat.org/maps/مخطط-تفاعلي-مجلس-الشعب-السوري-2026/,124,
أحمد محمود الخلف الشلاش,الرقة,الرقة,السويدة,M,1980,46,انتخابات,,active,https://omrandirasat.org/maps/مخطط-تفاعلي-مجلس-الشعب-السوري-2026/,123,
حمود إبراهيم حسن الحمود,الرقة,الطبقة,,M,1959,66,تعيين,أعيان,active,https://omrandirasat.org/maps/مخطط-تفاعلي-مجلس-الشعب-السوري-2026/,153,
خليل درده العبدالله,الرقة,تل أبيض,,M,1972,53,تعيين,كفاءة,active,https://omrandirasat.org/maps/مخطط-تفاعلي-مجلس-الشعب-السوري-2026/,156,
خليل عيسى الكنعو,الرقة,تل أبيض,حمام التركمان,M,1960,66,انتخابات,,active,https://omrandirasat.org/maps/مخطط-تفاعلي-مجلس-الشعب-السوري-2026/,120,
سعد فهد الشويش,الرقة,تل أبيض,رسم المراق,M,1963,63,انتخابات,,active,https://omrandirasat.org/maps/مخطط-تفاعلي-مجلس-الشعب-السوري-2026/,121,
عبدالله مجيد الحاج عبد,الرقة,الطبقة,,M,1968,58,انتخابات,,active,https://omrandirasat.org/maps/مخطط-تفاعلي-مجلس-الشعب-السوري-2026/,126,
مقدام علي الجشعم,الرقة,الرقة,,M,1982,44,انتخابات,,active,https://omrandirasat.org/maps/مخطط-تفاعلي-مجلس-الشعب-السوري-2026/,125,
صبح عقلة البداح,السويداء,,,M,1983,42,تعيين,كفاءة,active,https://omrandirasat.org/maps/مخطط-تفاعلي-مجلس-الشعب-السوري-2026/,164,
ليث وحيد البلعوس,السويداء,,,M,1996,29,تعيين,أعيان,active,https://omrandirasat.org/maps/مخطط-تفاعلي-مجلس-الشعب-السوري-2026/,180,
أمين بشير البشير,القنيطرة,فيق,,M,1981,45,انتخابات,كفاءة,active,https://omrandirasat.org/maps/مخطط-تفاعلي-مجلس-الشعب-السوري-2026/,25,
أيمن محمد الشقيري,القنيطرة,,,M,1979,46,تعيين,أعيان,active,https://omrandirasat.org/maps/مخطط-تفاعلي-مجلس-الشعب-السوري-2026/,144,
جمال محمد النميري,القنيطرة,القنيطرة,,M,1971,55,انتخابات,,active,https://omrandirasat.org/maps/مخطط-تفاعلي-مجلس-الشعب-السوري-2026/,23,
طارق محمد الذياب,القنيطرة,القنيطرة,سويسة,M,1982,44,انتخابات,كفاءة,active,https://omrandirasat.org/maps/مخطط-تفاعلي-مجلس-الشعب-السوري-2026/,24,
يحيى محمد عماد إبراهيم,القنيطرة,,,M,1976,49,تعيين,كفاءة,active,https://omrandirasat.org/maps/مخطط-تفاعلي-مجلس-الشعب-السوري-2026/,207,
أوس فايز عثمان,اللاذقية,القرداحة,القرداحة,M,1970,56,انتخابات,كفاءة,active,https://omrandirasat.org/maps/مخطط-تفاعلي-مجلس-الشعب-السوري-2026/,65,
جمال عبدالرحمن مكيس,اللاذقية,اللاذقية,,M,1958,68,انتخابات,أعيان,active,https://omrandirasat.org/maps/مخطط-تفاعلي-مجلس-الشعب-السوري-2026/,61,
حسن محمد سليم صوفان,اللاذقية,,,M,1977,48,تعيين,كفاءة,active,https://omrandirasat.org/maps/مخطط-تفاعلي-مجلس-الشعب-السوري-2026/,149,
رامي إبراهيم محفوض,اللاذقية,جبلة,كفردبيل,M,1983,43,انتخابات,كفاءة,active,https://omrandirasat.org/maps/مخطط-تفاعلي-مجلس-الشعب-السوري-2026/,67,
رفاعة مصطفى عكرمة,اللاذقية,الحفة,,M,1965,61,انتخابات,كفاءة,active,https://omrandirasat.org/maps/مخطط-تفاعلي-مجلس-الشعب-السوري-2026/,64,
رولا عبدالله دايه,اللاذقية,اللاذقية,,F,1968,58,انتخابات,كفاءة,active,https://omrandirasat.org/maps/مخطط-تفاعلي-مجلس-الشعب-السوري-2026/,62,
سامر دوران قره علي,اللاذقية,اللاذقية,زنزف,M,1986,40,انتخابات,كفاءة,active,https://omrandirasat.org/maps/مخطط-تفاعلي-مجلس-الشعب-السوري-2026/,63,
علي حسن يعقوب آغا,اللاذقية,جبلة,جبلة,M,1968,58,انتخابات,كفاءة,active,https://omrandirasat.org/maps/مخطط-تفاعلي-مجلس-الشعب-السوري-2026/,66,
عيسى محمد إبراهيم,اللاذقية,القرداحة,,M,1974,51,تعيين,أعيان,active,https://omrandirasat.org/maps/مخطط-تفاعلي-مجلس-الشعب-السوري-2026/,175,
مادونا سهيل بشارة,اللاذقية,,,F,1988,37,تعيين,كفاءة,active,https://omrandirasat.org/maps/مخطط-تفاعلي-مجلس-الشعب-السوري-2026/,181,نائب ثان لرئيس المجلس
مضر وفيق حمدان,اللاذقية,,,M,1995,30,تعيين,كفاءة,active,https://omrandirasat.org/maps/مخطط-تفاعلي-مجلس-الشعب-السوري-2026/,197,
أحمد إدريس الطعان,حلب,منبج,جب الكجلي,M,1973,53,انتخابات,أعيان,active,https://omrandirasat.org/maps/مخطط-تفاعلي-مجلس-الشعب-السوري-2026/,101,
أحمد عبدالله محمود صالح,حلب,الأتارب,الشيخ علي,M,1970,56,انتخابات,كفاءة,active,https://omrandirasat.org/maps/مخطط-تفاعلي-مجلس-الشعب-السوري-2026/,106,
أحمد عمر زيدان,حلب,حريتان,,M,1985,40,تعيين,أعيان,active,https://omrandirasat.org/maps/مخطط-تفاعلي-مجلس-الشعب-السوري-2026/,138,
أحمد محمد الحريري,حلب,جبل سمعان,فجدان,M,1978,48,انتخابات,كفاءة,active,https://omrandirasat.org/maps/مخطط-تفاعلي-مجلس-الشعب-السوري-2026/,93,
أسامة محمود النعوس,حلب,الباب,الباب,M,1980,46,انتخابات,كفاءة,active,https://omrandirasat.org/maps/مخطط-تفاعلي-مجلس-الشعب-السوري-2026/,94,
إبراهيم خليل الطالب,حلب,منبج,تلحوذان,M,1977,49,انتخابات,,active,https://omrandirasat.org/maps/مخطط-تفاعلي-مجلس-الشعب-السوري-2026/,100,
بشر نجم الدين الحاوي,حلب,جبل سمعان,حلب,M,1991,35,انتخابات,كفاءة,active,https://omrandirasat.org/maps/مخطط-تفاعلي-مجلس-الشعب-السوري-2026/,92,
بشير محمد خير عليطو,حلب,إعزاز,تل رفعت,M,1964,62,انتخابات,كفاءة,active,https://omrandirasat.org/maps/مخطط-تفاعلي-مجلس-الشعب-السوري-2026/,97,
تمام محمد اللودعمي,حلب,جبل سمعان,حلب,M,1966,60,انتخابات,كفاءة,active,https://omrandirasat.org/maps/مخطط-تفاعلي-مجلس-الشعب-السوري-2026/,87,
جعفر الصادق عبداللطيف طحان,حلب,إعزاز,رتيان,M,1978,48,انتخابات,كفاءة,active,https://omrandirasat.org/maps/مخطط-تفاعلي-مجلس-الشعب-السوري-2026/,99,
حسام الدين محمد زكريا ططري,حلب,حلب,,M,1964,61,تعيين,كفاءة,active,https://omrandirasat.org/maps/مخطط-تفاعلي-مجلس-الشعب-السوري-2026/,146,
حسين عبد الرحمن العلي,حلب,جبل سمعان,الوضيحي,M,1999,26,تعيين,أعيان,active,https://omrandirasat.org/maps/مخطط-تفاعلي-مجلس-الشعب-السوري-2026/,150,
حسين محمد عساف,حلب,اعزاز,تل رفعت,M,1975,50,تعيين,أعيان,active,https://omrandirasat.org/maps/مخطط-تفاعلي-مجلس-الشعب-السوري-2026/,151,
رنكين محمد عبدو,حلب,عفرين,تل غازي,F,1980,46,انتخابات,كفاءة,active,https://omrandirasat.org/maps/مخطط-تفاعلي-مجلس-الشعب-السوري-2026/,103,
شواخ ابراهيم العساف,حلب,عين العرب,شيوخ فوقاني,M,1973,53,انتخابات,,active,https://omrandirasat.org/maps/مخطط-تفاعلي-مجلس-الشعب-السوري-2026/,137,
شيخ سعيد أحمد شيخ إسماعيل زاده,حلب,عفرين,زيتوناك,M,1968,58,انتخابات,كفاءة,active,https://omrandirasat.org/maps/مخطط-تفاعلي-مجلس-الشعب-السوري-2026/,104,
طارق حسن حمد,حلب,جرابلس,جرابلس,M,1980,46,انتخابات,كفاءة,active,https://omrandirasat.org/maps/مخطط-تفاعلي-مجلس-الشعب-السوري-2026/,107,
طارق محمد سلو,حلب,الباب,الراعي,M,1984,42,انتخابات,كفاءة,active,https://omrandirasat.org/maps/مخطط-تفاعلي-مجلس-الشعب-السوري-2026/,95,
عارف عبدالمجيد رزوق,حلب,جبل سمعان,ترمانين,M,1968,58,انتخابات,كفاءة,active,https://omrandirasat.org/maps/مخطط-تفاعلي-مجلس-الشعب-السوري-2026/,85,
عبد الرحمن مجحم مصطفى,حلب,الراعي,تل الحجر,M,1964,61,تعيين,,active,https://omrandirasat.org/maps/مخطط-تفاعلي-مجلس-الشعب-السوري-2026/,168,
عبد الكريم أحمد بركات,حلب,أورم الكبرى,,M,1975,50,تعيين,كفاءة,active,https://omrandirasat.org/maps/مخطط-تفاعلي-مجلس-الشعب-السوري-2026/,169,
عبد المنعم محمد الناصيف,حلب,جبل سمعان,,M,1975,50,تعيين,أعيان,active,https://omrandirasat.org/maps/مخطط-تفاعلي-مجلس-الشعب-السوري-2026/,170,
عبدالعزيز عبدالقادر مغربي,حلب,جبل سمعان,حلب,M,1979,47,انتخابات,كفاءة,active,https://omrandirasat.org/maps/مخطط-تفاعلي-مجلس-الشعب-السوري-2026/,89,
عبدالقادر محمد خوجة,حلب,جبل سمعان,حلب,M,1986,40,انتخابات,كفاءة,active,https://omrandirasat.org/maps/مخطط-تفاعلي-مجلس-الشعب-السوري-2026/,83,
عبدالكريم صالح عكيدي,حلب,جبل سمعان,زيتان,M,1960,66,انتخابات,كفاءة,active,https://omrandirasat.org/maps/مخطط-تفاعلي-مجلس-الشعب-السوري-2026/,81,
عزام فاضل خانجي,حلب,جبل سمعان,حلب,M,1966,60,انتخابات,كفاءة,active,https://omrandirasat.org/maps/مخطط-تفاعلي-مجلس-الشعب-السوري-2026/,80,
عقيل محمد حسين,حلب,جبل سمعان,عسان,M,1984,42,انتخابات,أعيان,active,https://omrandirasat.org/maps/مخطط-تفاعلي-مجلس-الشعب-السوري-2026/,86,
علي جاسم الجاسم,حلب,جبل سمعان,زمار,M,1968,58,انتخابات,كفاءة,active,https://omrandirasat.org/maps/مخطط-تفاعلي-مجلس-الشعب-السوري-2026/,84,
عمار محمد ديب طاووز,حلب,جبل سمعان,حلب,M,1981,45,انتخابات,أعيان,active,https://omrandirasat.org/maps/مخطط-تفاعلي-مجلس-الشعب-السوري-2026/,91,
عمر حمدو غريبو,حلب,السفيرة ودير حافر,تل عرن,M,1982,44,انتخابات,,active,https://omrandirasat.org/maps/مخطط-تفاعلي-مجلس-الشعب-السوري-2026/,109,
غسان محمود العبدالله,حلب,السفيرة ودير حافر,عزيزة,M,1971,55,انتخابات,,active,https://omrandirasat.org/maps/مخطط-تفاعلي-مجلس-الشعب-السوري-2026/,108,
فرهاد أنور شاهين,حلب,عين العرب,,M,1964,62,انتخابات,,active,https://omrandirasat.org/maps/مخطط-تفاعلي-مجلس-الشعب-السوري-2026/,136,
لارا فتحي قديد,حلب,,,F,1978,47,تعيين,كفاءة,active,https://omrandirasat.org/maps/مخطط-تفاعلي-مجلس-الشعب-السوري-2026/,179,
مؤيد سامح أحمد قبطور,حلب,إعزاز,إعزاز,M,1987,39,انتخابات,كفاءة,active,https://omrandirasat.org/maps/مخطط-تفاعلي-مجلس-الشعب-السوري-2026/,98,
محمد إبراهيم حاج عثمان,حلب,الباب,تادف,M,1967,58,تعيين,أعيان,active,https://omrandirasat.org/maps/مخطط-تفاعلي-مجلس-الشعب-السوري-2026/,185,
محمد رامز أحمد كورج,حلب,جبل سمعان,عندان,M,1983,43,انتخابات,كفاءة,active,https://omrandirasat.org/maps/مخطط-تفاعلي-مجلس-الشعب-السوري-2026/,90,
محمد سيدو سيدو,حلب,عفرين,عفرين,M,1978,48,انتخابات,كفاءة,active,https://omrandirasat.org/maps/مخطط-تفاعلي-مجلس-الشعب-السوري-2026/,105,
محمد علي محمد ياسين,حلب,,دابق,M,1981,44,تعيين,,active,https://omrandirasat.org/maps/مخطط-تفاعلي-مجلس-الشعب-السوري-2026/,188,
محمد فواز المحلي,حلب,الباب,أبو جبار,M,1999,27,انتخابات,أعيان,active,https://omrandirasat.org/maps/مخطط-تفاعلي-مجلس-الشعب-السوري-2026/,96,
محمد ياسر عبد الكريم الحميدي الحمد,حلب,الباب,,M,1979,46,تعيين,كفاءة,active,https://omrandirasat.org/maps/مخطط-تفاعلي-مجلس-الشعب-السوري-2026/,192,
محمود كامل مصطفى,حلب,جبل سمعان,حلب,M,1982,44,انتخابات,كفاءة,active,https://omrandirasat.org/maps/مخطط-تفاعلي-مجلس-الشعب-السوري-2026/,88,
مصطفى عمر حاج عبدالله,حلب,منبج,منبج,M,1978,48,انتخابات,كفاءة,active,https://omrandirasat.org/maps/مخطط-تفاعلي-مجلس-الشعب-السوري-2026/,102,
مصطفى يحيى عكوش,حلب,الأتارب,,M,1986,39,تعيين,كفاءة,active,https://omrandirasat.org/maps/مخطط-تفاعلي-مجلس-الشعب-السوري-2026/,195,
مهرب محمد الحمود,حلب,تل الضمان,,M,1983,42,تعيين,أعيان,active,https://omrandirasat.org/maps/مخطط-تفاعلي-مجلس-الشعب-السوري-2026/,199,
مهيد سيف الدين عيسى,حلب,جبل سمعان,تل الهوى,M,1997,29,انتخابات,كفاءة,active,https://omrandirasat.org/maps/مخطط-تفاعلي-مجلس-الشعب-السوري-2026/,82,
وديع محمد حاج حمود,حلب,الأتارب,الأبزمو,M,1991,34,تعيين,أعيان,active,https://omrandirasat.org/maps/مخطط-تفاعلي-مجلس-الشعب-السوري-2026/,205,
إبراهيم عبدالله العبدالله,حماه,مصياف,,M,1978,48,انتخابات,,active,https://omrandirasat.org/maps/مخطط-تفاعلي-مجلس-الشعب-السوري-2026/,54,
بسام محمد حلمي الحسين,حماه,مورك,مورك,M,1966,60,انتخابات,,active,https://omrandirasat.org/maps/مخطط-تفاعلي-مجلس-الشعب-السوري-2026/,44,
خلدون جمال الأحمد,حماه,,جرنية الطار,M,1984,41,تعيين,أعيان,active,https://omrandirasat.org/maps/مخطط-تفاعلي-مجلس-الشعب-السوري-2026/,155,
دعوة عبد الحميد الأحدب,حماه,,,F,1966,59,تعيين,كفاءة,active,https://omrandirasat.org/maps/مخطط-تفاعلي-مجلس-الشعب-السوري-2026/,157,
روزينا عامر اللاذقاني,حماه,,,F,1986,39,تعيين,أعيان,active,https://omrandirasat.org/maps/مخطط-تفاعلي-مجلس-الشعب-السوري-2026/,159,
سامر أحمد محمد,حماه,مصياف,الطمارقية,M,1980,46,انتخابات,,active,https://omrandirasat.org/maps/مخطط-تفاعلي-مجلس-الشعب-السوري-2026/,55,
سهيل حبيب الفاضل,حماه,محرده,,M,1958,67,تعيين,أعيان,active,https://omrandirasat.org/maps/مخطط-تفاعلي-مجلس-الشعب-السوري-2026/,163,
طارق خالد المدني,حماه,حماة,,M,1968,58,انتخابات,,active,https://omrandirasat.org/maps/مخطط-تفاعلي-مجلس-الشعب-السوري-2026/,45,
عبدالرزاق يوسف العليوي,حماه,السقيلبية,شهرناز,M,1979,47,انتخابات,أعيان,active,https://omrandirasat.org/maps/مخطط-تفاعلي-مجلس-الشعب-السوري-2026/,49,
عبدالفتاح حسن عبيد,حماه,السقيلبية,قسطون,M,1990,36,انتخابات,كفاءة,active,https://omrandirasat.org/maps/مخطط-تفاعلي-مجلس-الشعب-السوري-2026/,50,
عبدالله الحاج عبدالله,حماه,حماة,صوران,M,1979,47,انتخابات,,active,https://omrandirasat.org/maps/مخطط-تفاعلي-مجلس-الشعب-السوري-2026/,46,
عبدالناصر حسن العمر الحوشان,حماه,محردة,كفرزيتا,M,1968,58,انتخابات,,active,https://omrandirasat.org/maps/مخطط-تفاعلي-مجلس-الشعب-السوري-2026/,53,
عثمان عبدالقادر نقار,حماه,حماة,,M,1963,63,انتخابات,,active,https://omrandirasat.org/maps/مخطط-تفاعلي-مجلس-الشعب-السوري-2026/,47,
علاء حسين الموسى,حماه,محردة,,M,1979,46,تعيين,أعيان,active,https://omrandirasat.org/maps/مخطط-تفاعلي-مجلس-الشعب-السوري-2026/,172,
علي فائز داؤد,حماه,السلمية,سلمية,M,1983,43,انتخابات,كفاءة,active,https://omrandirasat.org/maps/مخطط-تفاعلي-مجلس-الشعب-السوري-2026/,51,
نور عبدالغني عربو,حماه,حماة,شهرناز بلوزه,F,1992,34,انتخابات,,active,https://omrandirasat.org/maps/مخطط-تفاعلي-مجلس-الشعب-السوري-2026/,48,
ياسر محمود الشحادة,حماه,السلمية,حمادي,M,1987,39,انتخابات,كفاءة,active,https://omrandirasat.org/maps/مخطط-تفاعلي-مجلس-الشعب-السوري-2026/,52,
أحمد محمد السماعيل,حمص,القصير والمخرم,القصير,M,1983,43,انتخابات,كفاءة,active,https://omrandirasat.org/maps/مخطط-تفاعلي-مجلس-الشعب-السوري-2026/,41,
أسماء فرحان السباعي,حمص,,,F,1979,46,تعيين,كفاءة,active,https://omrandirasat.org/maps/مخطط-تفاعلي-مجلس-الشعب-السوري-2026/,142,
حمزة جاسم قبلان,حمص,تل كلخ,,M,1977,48,تعيين,كفاءة,active,https://omrandirasat.org/maps/مخطط-تفاعلي-مجلس-الشعب-السوري-2026/,152,
سالم محمد الأحمد,حمص,تلكلخ,,M,1974,52,انتخابات,أعيان,active,https://omrandirasat.org/maps/مخطط-تفاعلي-مجلس-الشعب-السوري-2026/,43,
عبدالله محمد خالد غنوم,حمص,حمص,,M,1978,48,انتخابات,كفاءة,active,https://omrandirasat.org/maps/مخطط-تفاعلي-مجلس-الشعب-السوري-2026/,33,
عماد يعقوب برق,حمص,الحولة,,M,1970,55,تعيين,كفاءة,active,https://omrandirasat.org/maps/مخطط-تفاعلي-مجلس-الشعب-السوري-2026/,173,
قتيبة أحمد العيسى,حمص,حمص,,M,1983,43,انتخابات,كفاءة,active,https://omrandirasat.org/maps/مخطط-تفاعلي-مجلس-الشعب-السوري-2026/,32,
كنان محمد لبيب النحاس,حمص,حمص,,M,1977,49,انتخابات,كفاءة,active,https://omrandirasat.org/maps/مخطط-تفاعلي-مجلس-الشعب-السوري-2026/,34,
ماهر عبد الوهاب علوش,حمص,حمص,,M,1976,49,تعيين,,active,https://omrandirasat.org/maps/مخطط-تفاعلي-مجلس-الشعب-السوري-2026/,182,
محمد عبدالرحمن أيوب,حمص,الرستن,,M,1974,52,انتخابات,كفاءة,active,https://omrandirasat.org/maps/مخطط-تفاعلي-مجلس-الشعب-السوري-2026/,40,
محمد وليد الباكير,حمص,حمص,,M,1973,53,انتخابات,كفاءة,active,https://omrandirasat.org/maps/مخطط-تفاعلي-مجلس-الشعب-السوري-2026/,35,
محمود محمد أمين مادون أسعد,حمص,تدمر,,M,1986,40,انتخابات,كفاءة,active,https://omrandirasat.org/maps/مخطط-تفاعلي-مجلس-الشعب-السوري-2026/,42,
منذر أحمد سراس,حمص,حمص,,M,1963,62,تعيين,أعيان,active,https://omrandirasat.org/maps/مخطط-تفاعلي-مجلس-الشعب-السوري-2026/,198,
نادر محمد أديب صنوفي,حمص,حمص,,M,1964,62,انتخابات,كفاءة,active,https://omrandirasat.org/maps/مخطط-تفاعلي-مجلس-الشعب-السوري-2026/,36,
ناصر محمد علي المحيميد,حمص,حمص,,M,1984,42,انتخابات,كفاءة,active,https://omrandirasat.org/maps/مخطط-تفاعلي-مجلس-الشعب-السوري-2026/,37,
نور محمد مؤيد الجندلي,حمص,حمص,,F,1978,48,انتخابات,كفاءة,active,https://omrandirasat.org/maps/مخطط-تفاعلي-مجلس-الشعب-السوري-2026/,38,
هدى عبد الباسط أتاسي,حمص,حمص,,F,1968,57,تعيين,كفاءة,active,https://omrandirasat.org/maps/مخطط-تفاعلي-مجلس-الشعب-السوري-2026/,203,
وضاح نجيب الرجب,حمص,حمص,الحولة,M,1977,49,انتخابات,كفاءة,active,https://omrandirasat.org/maps/مخطط-تفاعلي-مجلس-الشعب-السوري-2026/,39,
حنان إبراهيم البلخي,درعا,,,F,1976,49,تعيين,كفاءة,active,https://omrandirasat.org/maps/مخطط-تفاعلي-مجلس-الشعب-السوري-2026/,154,
عبدالرحمن خالد الحريري,درعا,درعا,داعل,M,1962,64,انتخابات,كفاءة,active,https://omrandirasat.org/maps/مخطط-تفاعلي-مجلس-الشعب-السوري-2026/,26,
عبدالمولى محمد عيد الحريري,درعا,إزرع,بصر الحرير,M,1977,49,انتخابات,كفاءة,active,https://omrandirasat.org/maps/مخطط-تفاعلي-مجلس-الشعب-السوري-2026/,29,
عدنان أحمد المسالمة,درعا,درعا,درعا,M,1963,63,انتخابات,كفاءة,active,https://omrandirasat.org/maps/مخطط-تفاعلي-مجلس-الشعب-السوري-2026/,27,
مؤيد هايل القبلاوي,درعا,طفس,,M,1970,55,تعيين,كفاءة,active,https://omrandirasat.org/maps/مخطط-تفاعلي-مجلس-الشعب-السوري-2026/,183,
محمد إبراهيم الزعبي,درعا,إزرع,,M,1970,55,تعيين,كفاءة,active,https://omrandirasat.org/maps/مخطط-تفاعلي-مجلس-الشعب-السوري-2026/,184,
محمد سرور المذيب,درعا,إزرع,نوى,M,1972,54,انتخابات,كفاءة,active,https://omrandirasat.org/maps/مخطط-تفاعلي-مجلس-الشعب-السوري-2026/,30,
محمد فاروق عادل العاصي,درعا,الصنمين,إنخل,M,1985,41,انتخابات,كفاءة,active,https://omrandirasat.org/maps/مخطط-تفاعلي-مجلس-الشعب-السوري-2026/,31,
ناصر محمد خير الحريري,درعا,الشيخ مسكين,,M,1955,70,تعيين,أعيان,active,https://omrandirasat.org/maps/مخطط-تفاعلي-مجلس-الشعب-السوري-2026/,200,
نزار عبدالرزاق الرشدان,درعا,درعا,نافعة,M,1979,47,انتخابات,كفاءة,active,https://omrandirasat.org/maps/مخطط-تفاعلي-مجلس-الشعب-السوري-2026/,28,
حسان نذير الشيخة,دمشق,دمشق,دمشق,M,1971,55,انتخابات,,active,https://omrandirasat.org/maps/مخطط-تفاعلي-مجلس-الشعب-السوري-2026/,3,
رضوان محمد سبيناتي,دمشق,دمشق,دمشق,M,1979,47,انتخابات,كفاءة,active,https://omrandirasat.org/maps/مخطط-تفاعلي-مجلس-الشعب-السوري-2026/,8,
سميرة أيمن الوتار,دمشق,,,F,1986,39,تعيين,كفاءة,active,https://omrandirasat.org/maps/مخطط-تفاعلي-مجلس-الشعب-السوري-2026/,162,
عائشة محمد فهد الدبس,دمشق,الميدان,دمشق,F,1971,54,تعيين,كفاءة,active,https://omrandirasat.org/maps/مخطط-تفاعلي-مجلس-الشعب-السوري-2026/,165,
عبدالله زهير الزايد,دمشق,الميدان,,M,1976,49,تعيين,أعيان,active,https://omrandirasat.org/maps/مخطط-تفاعلي-مجلس-الشعب-السوري-2026/,171,
عدنان محمد جمال الدين الخطيب,دمشق,دمشق,دمشق,M,1983,43,انتخابات,كفاءة,active,https://omrandirasat.org/maps/مخطط-تفاعلي-مجلس-الشعب-السوري-2026/,6,
عمار أسامة شرقطلي,دمشق,دمشق,دمشق,M,1982,44,انتخابات,,active,https://omrandirasat.org/maps/مخطط-تفاعلي-مجلس-الشعب-السوري-2026/,5,
محمد باسل محي الدين هيلم,دمشق,دمشق,دمشق,M,1972,54,انتخابات,أعيان,active,https://omrandirasat.org/maps/مخطط-تفاعلي-مجلس-الشعب-السوري-2026/,9,
محمد زياد الرباط,دمشق,دمشق,,M,1989,36,تعيين,أعيان,active,https://omrandirasat.org/maps/مخطط-تفاعلي-مجلس-الشعب-السوري-2026/,186,
محمد سعدي محمد هشام سكرية,دمشق,دمشق,دمشق,M,1972,54,انتخابات,كفاءة,active,https://omrandirasat.org/maps/مخطط-تفاعلي-مجلس-الشعب-السوري-2026/,7,
محمد فادي أحمد الحلبي,دمشق,دمشق,دمشق,M,1984,42,انتخابات,كفاءة,active,https://omrandirasat.org/maps/مخطط-تفاعلي-مجلس-الشعب-السوري-2026/,10,
محمد وسام محمد صلاح الدين زغلول,دمشق,دمشق,دمشق,M,1976,50,انتخابات,,active,https://omrandirasat.org/maps/مخطط-تفاعلي-مجلس-الشعب-السوري-2026/,4,
نزار يونس المدني,دمشق,دمشق,دمشق,M,1981,45,انتخابات,كفاءة,active,https://omrandirasat.org/maps/مخطط-تفاعلي-مجلس-الشعب-السوري-2026/,1,
نوار الياس نجمة,دمشق,,,M,1977,48,تعيين,,active,https://omrandirasat.org/maps/مخطط-تفاعلي-مجلس-الشعب-السوري-2026/,202,
هشام حسني الأفيوني,دمشق,دمشق,دمشق,M,1980,46,انتخابات,كفاءة,active,https://omrandirasat.org/maps/مخطط-تفاعلي-مجلس-الشعب-السوري-2026/,2,
أحمد محمد الشلاش,دير الزور,دير الزور,,M,1968,58,انتخابات,كفاءة,active,https://omrandirasat.org/maps/مخطط-تفاعلي-مجلس-الشعب-السوري-2026/,114,
أسامة محمد صالح العساف,دير الزور,البوكمال,,M,1953,73,انتخابات,,active,https://omrandirasat.org/maps/مخطط-تفاعلي-مجلس-الشعب-السوري-2026/,119,
أكرم مداح العساف,دير الزور,دير الزور,,M,1981,45,انتخابات,,active,https://omrandirasat.org/maps/مخطط-تفاعلي-مجلس-الشعب-السوري-2026/,115,
أمير عدال عبدالرزاق الدندل,دير الزور,البوكمال,السويعية,M,1980,46,انتخابات,,active,https://omrandirasat.org/maps/مخطط-تفاعلي-مجلس-الشعب-السوري-2026/,118,
إسراء زهير المشهور,دير الزور,دير الزور,دير الزور,F,1976,49,تعيين,كفاءة,active,https://omrandirasat.org/maps/مخطط-تفاعلي-مجلس-الشعب-السوري-2026/,141,
خالد جمال الخلف,دير الزور,دير الزور,,M,1988,38,انتخابات,,active,https://omrandirasat.org/maps/مخطط-تفاعلي-مجلس-الشعب-السوري-2026/,116,
رامي شاهر الصالح,دير الزور,الصور,,M,1954,71,تعيين,أعيان,active,https://omrandirasat.org/maps/مخطط-تفاعلي-مجلس-الشعب-السوري-2026/,158,
سعود فيصل النجرس,دير الزور,العشارة,العشارة,M,1986,39,تعيين,أعيان,active,https://omrandirasat.org/maps/مخطط-تفاعلي-مجلس-الشعب-السوري-2026/,160,
عامر جاسم البشير,دير الزور,دير الزور,المحيميدة,M,1980,46,انتخابات,أعيان,active,https://omrandirasat.org/maps/مخطط-تفاعلي-مجلس-الشعب-السوري-2026/,110,
عايش خليف الحسين الزرقة,دير الزور,الميادين,القورية,M,1970,56,انتخابات,,active,https://omrandirasat.org/maps/مخطط-تفاعلي-مجلس-الشعب-السوري-2026/,111,
عمر فواز المحمد,دير الزور,خشام,دير الزور,M,1981,44,تعيين,كفاءة,active,https://omrandirasat.org/maps/مخطط-تفاعلي-مجلس-الشعب-السوري-2026/,174,
فجر فوزي الأحمد,دير الزور,دير الزور,,M,1981,45,انتخابات,أعيان,active,https://omrandirasat.org/maps/مخطط-تفاعلي-مجلس-الشعب-السوري-2026/,117,
محمد موسى الطريحة,دير الزور,دير الزور,,M,1983,42,تعيين,كفاءة,active,https://omrandirasat.org/maps/مخطط-تفاعلي-مجلس-الشعب-السوري-2026/,189,
محمود صالح العويص,دير الزور,البوكمال,,M,1973,53,انتخابات,,active,https://omrandirasat.org/maps/مخطط-تفاعلي-مجلس-الشعب-السوري-2026/,113,
مروان أحمد النزهان,دير الزور,الميادين,,M,1977,49,انتخابات,كفاءة,active,https://omrandirasat.org/maps/مخطط-تفاعلي-مجلس-الشعب-السوري-2026/,112,
مصعب خليل شيخ جدعان الهفل,دير الزور,,,M,1985,40,تعيين,أعيان,active,https://omrandirasat.org/maps/مخطط-تفاعلي-مجلس-الشعب-السوري-2026/,196,
أنس محمد العبدة,ريف دمشق,الزبداني,,M,1967,58,تعيين,كفاءة,active,https://omrandirasat.org/maps/مخطط-تفاعلي-مجلس-الشعب-السوري-2026/,143,
أيمن عبده شمو,ريف دمشق,التل,التل,M,1982,44,انتخابات,,active,https://omrandirasat.org/maps/مخطط-تفاعلي-مجلس-الشعب-السوري-2026/,15,
بدر محي الدين جاموس,ريف دمشق,التل,,M,1968,57,تعيين,كفاءة,active,https://omrandirasat.org/maps/مخطط-تفاعلي-مجلس-الشعب-السوري-2026/,145,
حسام الدين محمد ماجد رزمة,ريف دمشق,قدسيا,,M,1979,46,تعيين,كفاءة,active,https://omrandirasat.org/maps/مخطط-تفاعلي-مجلس-الشعب-السوري-2026/,147,
حسام عدنان حمدان,ريف دمشق,دوما,دوما,M,1973,53,انتخابات,,active,https://omrandirasat.org/maps/مخطط-تفاعلي-مجلس-الشعب-السوري-2026/,19,
حسان أحمد سيف الدين عطايا,ريف دمشق,ريف دمشق ويبرود,,M,1985,41,انتخابات,أعيان,active,https://omrandirasat.org/maps/مخطط-تفاعلي-مجلس-الشعب-السوري-2026/,12,
خالد عرفات عرابي,ريف دمشق,جيرود,جيرود,M,1963,63,انتخابات,,active,https://omrandirasat.org/maps/مخطط-تفاعلي-مجلس-الشعب-السوري-2026/,16,
علي مسعود مسعود,ريف دمشق,قطنا,عرطوز,M,1984,42,انتخابات,,active,https://omrandirasat.org/maps/مخطط-تفاعلي-مجلس-الشعب-السوري-2026/,22,
عماد علي الأشرفاني,ريف دمشق,الزبداني,الزبداني,M,1970,56,انتخابات,,active,https://omrandirasat.org/maps/مخطط-تفاعلي-مجلس-الشعب-السوري-2026/,14,
مؤيد محمد حبيب,ريف دمشق,داريا,داريا,M,1986,40,انتخابات,,active,https://omrandirasat.org/maps/مخطط-تفاعلي-مجلس-الشعب-السوري-2026/,18,أمين سر المجلس
محمد سليمان صلاح الدحلا,ريف دمشق,ريف دمشق ويبرود,زملكا,M,1972,54,انتخابات,كفاءة,active,https://omrandirasat.org/maps/مخطط-تفاعلي-مجلس-الشعب-السوري-2026/,11,
محمد شريف يوسف طالب,ريف دمشق,النبك,النبك,M,1957,69,انتخابات,,active,https://omrandirasat.org/maps/مخطط-تفاعلي-مجلس-الشعب-السوري-2026/,17,
محمد عزام تحسين حيدر,ريف دمشق,يبرود,يبرود,M,1979,47,انتخابات,,active,https://omrandirasat.org/maps/مخطط-تفاعلي-مجلس-الشعب-السوري-2026/,13,
محمد ياسر دلوان,ريف دمشق,دوما,,M,1974,51,تعيين,أعيان,active,https://omrandirasat.org/maps/مخطط-تفاعلي-مجلس-الشعب-السوري-2026/,191,
مصطفى محمود سقر,ريف دمشق,حرستا,حرستا,M,1963,63,انتخابات,كفاءة,active,https://omrandirasat.org/maps/مخطط-تفاعلي-مجلس-الشعب-السوري-2026/,20,
نزار محمد الشايب,ريف دمشق,دوما,عتيبة,M,1988,38,انتخابات,,active,https://omrandirasat.org/maps/مخطط-تفاعلي-مجلس-الشعب-السوري-2026/,21,
هيثم يوسف المعسعس,ريف دمشق,النبك,,M,1992,33,تعيين,كفاءة,active,https://omrandirasat.org/maps/مخطط-تفاعلي-مجلس-الشعب-السوري-2026/,204,
أمجد أكرم علي,طرطوس,بانياس,بانياس,M,1989,37,انتخابات,كفاءة,active,https://omrandirasat.org/maps/مخطط-تفاعلي-مجلس-الشعب-السوري-2026/,56,
سمية مراد مراد,طرطوس,طرطوس,أرواد,F,1968,57,تعيين,كفاءة,active,https://omrandirasat.org/maps/مخطط-تفاعلي-مجلس-الشعب-السوري-2026/,161,
عبدالرزاق محمد ريس,طرطوس,طرطوس,طرطوس,M,1978,48,انتخابات,كفاءة,active,https://omrandirasat.org/maps/مخطط-تفاعلي-مجلس-الشعب-السوري-2026/,58,
عزام منير جحجاح,طرطوس,طرطوس,الدريكيش,M,1972,54,انتخابات,كفاءة,active,https://omrandirasat.org/maps/مخطط-تفاعلي-مجلس-الشعب-السوري-2026/,59,
فاطمة محمد حيدر,طرطوس,,,F,1982,43,تعيين,كفاءة,active,https://omrandirasat.org/maps/مخطط-تفاعلي-مجلس-الشعب-السوري-2026/,177,
لينا فهيم عيزوقي,طرطوس,الشيخ بدر +دريكيش,,F,1984,42,انتخابات,,active,https://omrandirasat.org/maps/مخطط-تفاعلي-مجلس-الشعب-السوري-2026/,60,
مي ناجح خلوف,طرطوس,صافيتا,عين الجرن,F,1978,48,انتخابات,كفاءة,active,https://omrandirasat.org/maps/مخطط-تفاعلي-مجلس-الشعب-السوري-2026/,57,
